약국명,개설일자
상계종로약국,20180129
한샘약국,20180102
한빛온누리약국,20180524
연세현약국,20180604
신태평약국,20180608
제일약국,20180726
태능약국,20181001
정성약국,20181115
연수온누리약국,20181119
우리사랑약국,20160502
청백약국,20160307
노원약국,20170517
참빛약국,20170109
드림약국,20160609
조은약국,20180717
아이사랑약국,20170403
신흥약국,20170717
태릉다정약국,20170602
라라약국,20170809
은빛약국,20171229
백세약국,20180319
그린약국,20160112
보윤약국,20170510
건강한약국,20151002
한마음온누리약국,20150122
원자프라자온누리약국,20151001
마음약국,20170801
샘약국,20180821
화랑온누리약국,20150202
서부약국,20181101
구름약국,20170821
이손약국,20161117
하늘약국,20181217
씨앤미3층온누리약국,20170227
밝은약국,20170403
햇살약국,20170612
상계우리들약국,20150105
미래약국,20170227
중앙약국,20160516
소담약국,20150617
중계우리들약국,20150730
하얀약국,20170529
태능삼호약국,20170413
한마음약국,20160201
우리조은약국,20160201
마들소아약국,20161229
미션약국,20160314
메디칼우리약국,20160502
연세참사랑약국,20160325
1층호약국,20160712
소나무약국,20180228
나눔약국,20170425
21세기보배약국,20170731
건강샘온누리약국,20171101
the사랑약국,20180119
활기찬약국,20180314
상계1번약국,20170905
365행복약국,20160201
